<?xml version="1.0" encoding="UTF-8"?>
<project-private xmlns="http://www.netbeans.org/ns/project-private/1">
    <editor-bookmarks xmlns="http://www.netbeans.org/ns/editor-bookmarks/2" lastBookmarkId="0"/>
    <open-files xmlns="http://www.netbeans.org/ns/projectui-open-files/2">
        <group>
            <file>file:/Users/macbook/NetBeansProjects/CMSY-167-N001_HRizvi_FinalProject/src/WordGame.java</file>
            <file>file:/Users/macbook/NetBeansProjects/CMSY-167-N001_HRizvi_FinalProject/src/hangmanWords.txt</file>
        </group>
    </open-files>
</project-private>
